<?xml version="1.0" encoding="UTF-8"?>
<beans:beans xmlns="http://www.springframework.org/schema/mvc"
	xmlns:xsi="http://www.w3.org/2001/XMLSchema-instance"
	xmlns:beans="http://www.springframework.org/schema/beans"
	xmlns:context="http://www.springframework.org/schema/context"
	xsi:schemaLocation="http://www.springframework.org/schema/mvc http://www.springframework.org/schema/mvc/spring-mvc.xsd
		http://www.springframework.org/schema/beans http://www.springframework.org/schema/beans/spring-beans.xsd
		http://www.springframework.org/schema/context http://www.springframework.org/schema/context/spring-context.xsd">

	<!-- DispatcherServlet Context: defines this servlet's request-processing infrastructure -->
	
	<!-- Enables the Spring MVC @Controller programming model -->
	<annotation-driven />

	<!-- Handles HTTP GET requests for /resources/** by efficiently serving up static resources in the ${webappRoot}/resources directory -->
	<resources mapping="/resources/**" location="/resources/" />


	<!-- Resolves views selected for rendering by @Controllers to .jsp resources in the /WEB-INF/views directory -->
	<!-- 일반 뷰 파일을 내보내는 뷰 리졸버임
		여러 뷰리졸버 중 가장 나중에 실행되도록 순서 정함 -->
	<beans:bean
		class="org.springframework.web.servlet.view.InternalResourceViewResolver">
		<beans:property name="prefix" value="/WEB-INF/views/" />
		<beans:property name="suffix" value=".jsp" />
		<beans:property name="order" value="1" />
	</beans:bean>

	<context:component-scan base-package="org.kh.westival" />
	
	
	<!-- 파일 업로드시  파일 용량 제한 설정 -->
	<beans:bean id="multipartResolver"
		class="org.springframework.web.multipart.commons.CommonsMultipartResolver">
	<beans:property name="maxUploadSize" value="1000000000"></beans:property>
	</beans:bean>
	
	<!-- 뷰리졸버가 사용할 수 있도록 클래스 등록 -->
	<!-- <beans:bean id="filedown"
		class="org.kh.spring.test.controller.FileDownloadView">
	</beans:bean> -->
	
	<!-- 파일 다운을 위한 뷰리졸버는 따로 존재해야 함
	 	 주의 : id 속성을 지정하지 않는다.
	 	 여러 개의 뷰리졸버를 지정할 때는 우선 순의를 매겨야 함
	 	 파일 다운을 위한 뷰리졸버는 가장 먼저 실행되도록 순서를 지정해야 함
	 	 리턴된 뷰이름과 동일한 이름(id)의 뷰클래스(bean)가 있으면
	 	 자동으로 연결 실행하는 뷰리졸버임
	 	 -->
	<beans:bean
		class="org.springframework.web.servlet.view.BeanNameViewResolver">
	<beans:property name="order" value="0"></beans:property>
	</beans:bean>

	<!-- 컨트롤러가 리턴하는 json 객체 출력용 뷰 -->
	<beans:bean id="jsonView"
		class="net.sf.json.spring.web.servlet.view.JsonView">
	</beans:bean>
</beans:beans>
